passenger_count,cost_without_tip,estimated_lyft_cost
1,15.042520239252969,15.060309937766366
2,15.16416201768151,15.242580413555753
3,15.08048203386155,15.153475012274773
4,15.303030626773737,15.357193317737272
5,14.539282511210763,14.924794520547948
6,13.2728813559322,13.905459770114948
